-- the order of values is related to the name of field.
-- Updating is necessary, if the name is changed



INSERT INTO "public"."order_main" VALUES (2147483643, '3100 Western Road A', 'customer2@email.com', 'customer2', '2343456', '2018-03-15 12:52:20.439', 100.00, 0, '2018-03-15 12:52:20.439');
INSERT INTO "public"."order_main" VALUES (2147483645, '3100 Western Road A', 'customer2@email.com', 'customer2', '2343456', '2018-03-15 12:52:29.007', 4.00, 0, '2018-03-15 12:52:29.007');
INSERT INTO "public"."order_main" VALUES (2147483641, '3100 Western Road A', 'customer2@email.com', 'customer2', '2343456', '2018-03-15 12:52:07.428', 180.00, 2, '2018-03-15 12:52:53.664');
INSERT INTO "public"."order_main" VALUES (2147483647, '3100 Western Road A', 'customer2@email.com', 'customer2', '2343456', '2018-03-15 12:52:35.289', 2.00, 2, '2018-03-15 12:52:55.919');
INSERT INTO "public"."order_main" VALUES (2147483649, '3100 Western Road A', 'customer2@email.com', 'customer2', '2343456', '2018-03-15 12:58:23.824', 150.00, 0, '2018-03-15 12:58:23.824');
INSERT INTO "public"."order_main" VALUES (2147483642, '3200 West Road', 'customer1@email.com', 'customer1', '123456789', '2018-03-15 13:01:21.135', 4.00, 2, '2018-03-15 13:02:09.023');
INSERT INTO "public"."order_main" VALUES (2147483640, '3200 West Road', 'customer1@email.com', 'customer1', '123456789', '2018-03-15 13:01:16.271', 20.00, 2, '2018-03-15 13:02:52.067');
INSERT INTO "public"."order_main" VALUES (2147483648, '3200 West Road', 'customer1@email.com', 'customer1', '123456789', '2018-03-15 13:01:06.943', 134.00, 1, '2018-03-15 13:02:56.498');

-- ----------------------------
-- Table structure for product_category

-- ----------------------------
-- Records of product_category
-- ----------------------------
INSERT INTO "public"."product_category" VALUES (2147483641, 'Nos Plats', 0, '2018-03-09 23:03:26', '2018-03-10 00:15:27');
INSERT INTO "public"."product_category" VALUES (2147483642, 'Plats Vegetarien', 2, '2018-03-10 00:15:02', '2018-03-10 00:15:21');
INSERT INTO "public"."product_category" VALUES (2147483644, 'Plats Special', 3, '2018-03-10 01:01:09', '2018-03-10 01:01:09');
INSERT INTO "public"."product_category" VALUES (2147483645, 'Dessert', 1, '2018-03-10 00:26:05', '2018-03-10 00:26:05');


-- ----------------------------
-- Records of product_in_order
-- ----------------------------
INSERT INTO "public"."product_in_order" VALUES (2147483642, 1,1,'En manque d’inspiration ? Voici une polenta de pois chiches accompagnée d’une savoureuse sauce au yaourt pour régaler les papilles. Complet et végétarien, ce plat est très facile à réaliser et saura rassasier votre appétit. Il est parfumé au zaatar, une épice libanaise à base de thym sauvage, graines de sésame et sumac.', 'https://larecette.net/wp-content/uploads/2020/07/iStock-522452938.jpg', 'C0003', 'Polenta de pois chiches et sauce yaourt', 30.00,96,NULL, 2147483641);
INSERT INTO "public"."product_in_order" VALUES (2147483644, 1,1, ' Croustillants et gourmands, ces feuilletes a la tomate et au chevre sont un pur regal pour les papilles ! Que vous souhaitiez les accompagner d une salade verte ou simplement les picorer lors de l aperitif, il n en restera plus une miette', 'https://larecette.net/wp-content/uploads/2019/08/iStock-545816244.jpg', 'B0003', 'Feuilletes tomate et chevre', 10.00,195,NULL, 2147483643);
INSERT INTO "public"."product_in_order" VALUES (2147483646, 1,1, 'Cet ete, on deguste des brochettes de poulet aux legumes ! Au barbecue ou au grill, elles sont tres faciles a realiser et moelleuses a souhait. Pourquoi faire compliquer quand on peut faire simple ? Sans plus attendre, voici comment les realiser.', 'https://larecette.net/wp-content/uploads/2020/07/iStock-1133212813.jpg', 'B0002','Brochettes de poulet aux legumes', 22.00,57,NULL, 2147483645);
INSERT INTO "public"."product_in_order" VALUES (2147483648, 3,1,'Le fromage cottage est très léger et se marie bien au goût de la ciboulette et du persil.', 'https://www.selection.ca/wp-content/uploads/2016/04/cottage-pain-1.jpg', 'D0002', 'fromage aux herbes pour diabétiques', 15.00,200,NULL, 2147483647);
INSERT INTO "public"."product_in_order" VALUES (2147483640, 1,1, 'Cette mousse au chocolat au lait et caramel beurre salé est un petit nuage de gourmandise aussi savoureux que délicat. On la déguste toute en finesse et l’on peut y ajouter des copeaux de chocolat pour apporter une touche croquante. ', 'https://larecette.net/wp-content/uploads/2020/07/iStock-1135575625-384x216.jpg' , 'F0001', 'Mousse chocolat au lait et caramel beurre salé', 24.00,57,NULL, 2147483649);
INSERT INTO "public"."product_in_order" VALUES (2147483632, 1,1, 'En manque d’inspiration ? Voici une polenta de pois chiches accompagnée d’une savoureuse sauce au yaourt pour régaler les papilles. Complet et végétarien, ce plat est très facile à réaliser et saura rassasier votre appétit. Il est parfumé au zaatar, une épice libanaise à base de thym sauvage, graines de sésame et sumac.', 'https://larecette.net/wp-content/uploads/2020/07/iStock-522452938.jpg', 'C0003', 'Polenta de pois chiches et sauce yaourt', 20.00,22,NULL, 2147483649);
INSERT INTO "public"."product_in_order" VALUES (2147483643, 0,1, 'Pour changer des spaghettis à la bolognaise ou des classiques pâtes au fromage, voici une recette de spaghettis à l’italienne au thon. Il s’agit d’un plat savoureux et mijoté avec amour que l on deguste sans attendre !', 'https://larecette.net/wp-content/uploads/2020/06/iStock-481990348.jpg', 'B0001', 'Spaghettis à l italienne au thon', 30.00,96,NULL, 2147483648);
INSERT INTO "public"."product_in_order" VALUES (2147483634, 2,1, 'La saison du brocoli est lancée ! Pour en profiter avec gourmandise, voici un délicieux gratin de brocolis au gruyère parfumé à la muscade. Prêt en quelques minutes, voici comment le réaliser simplement.', 'https://larecette.net/wp-content/uploads/2020/06/iStock-1130513649.jpg', 'C0001', 'Gratin de brocolis', 10.00, 109,NULL, 2147483649);
INSERT INTO "public"."product_in_order" VALUES (2147483636, 0,1, 'La moussaka est une préparation à base d’aubergine, de tomate et de viande hachée. Si elle est généralement longue à réaliser, cette recette vous permettra de la cuisiner beaucoup plus rapidement. On la déguste bien chaude, avec appétit et gourmandise !', 'https://larecette.net/wp-content/uploads/2020/05/iStock-509686496.jpg', 'B0004', 'La recette de la moussaka rapide', 30.00, 199,NULL,2147483645);
INSERT INTO "public"."product_in_order" VALUES (2147483647, 3,1, 'Cette recette de quiche au saumon aux poireaux est spécialement conçue pour les personnes souffrant d hypertension. En cuisine, vous n’aurez qu’à suivre nos 7 étapes simples pour réaliser ce plat délicieux en quelques minutes.', 'https://www.regal.fr/sites/art-de-vivre/files/styles/large/public/tarte-quiche-saumon-poireau-fromage_istock.jpg?itok=Rtbleh4Y', 'D0002', 'quiche au saumon aux poireaux', 22.00,200,NULL, 2147483645);
INSERT INTO "public"."product_in_order" VALUES (2147483638, 0,1, 'Très populaire en Turquie et en Arménie, cette recette de pizza turque ou “pide” est un plat à base de pain plat garni de viande hachée. Connue dans le monde entier, la recette varie en fonction des localités et des envies. Agneau, bœuf, tomate, sumac, piment. À vous de faire preuve de créativité et de gourmandise !', 'https://i.pinimg.com/564x/dc/51/4a/dc514ad62f352cb4b26a5ffe916901d2.jpg', 'B0005', 'Pizza turque à l agneau et légumes', 30.00,199,NULL, 2147483645);
INSERT INTO "public"."product_in_order" VALUES (2147483649, 0,1, 'Pour changer des spaghettis à la bolognaise ou des classiques pâtes au fromage, voici une recette de spaghettis à l’italienne au thon. Il s’agit d’un plat savoureux et mijoté avec amour que l on deguste sans attendre !', 'https://larecette.net/wp-content/uploads/2020/06/iStock-481990348.jpg', 'B0005', 'Spaghettis à l italienne au thon', 30.00,  96,NULL,2147483645);
INSERT INTO "public"."product_in_order" VALUES (2147483633, 1,1, 'Les préparations à base de thé matcha sont tendance, alors mettez-vous au vert avec ce délicieux cheesecake au thé matcha ! Dressé sur une base croustillante aux spéculoos, ce dessert original et subtilement parfumé est un véritable délice. ', 'https://larecette.net/wp-content/uploads/2020/06/iStock-995658330-384x216.jpg', 'F0002', 'Cheesecake au thé matcha', 20.00, 57, null ,2147483642);

-- ----------------------------
-- Records of product_info
-- ----------------------------
INSERT INTO "public"."product_info" VALUES ('B0003', 0, '2018-03-10 10:37:39', ' Croustillants et gourmands, ces feuilletes a la tomate et au chevre sont un pur regal pour les papilles ! Que vous souhaitiez les accompagner d une salade verte ou simplement les picorer lors de l aperitif, il n en restera plus une miette', 'https://larecette.net/wp-content/uploads/2019/08/iStock-545816244.jpg','Pour 4 personnes :1 à 2 pates feuilletees,1 buchette de fromage de chevre frais , 1/2 oignon blanc , 2 tomates , Du thym seche , Du poivre noir , 1 jaune d oeuf', 'Feuilletes tomate et chevre', 10.00, 1, 200, '2018-03-10 19:42:02');
INSERT INTO "public"."product_info" VALUES ('B0002', 0, '2018-03-10 12:12:46', 'Cet ete, on deguste des brochettes de poulet aux legumes ! Au barbecue ou au grill, elles sont tres faciles a realiser et moelleuses a souhait. Pourquoi faire compliquer quand on peut faire simple ? Sans plus attendre, voici comment les realiser.', 'https://larecette.net/wp-content/uploads/2020/07/iStock-1133212813.jpg','Pour 5 personnes <br/> 5 escalopes de poulet , 1 poivron rouge , 1 poivron jaune , 1 petite courgette , quelques tomates cerises , 3 c. à soupe d’huile d’olive , 1 jus de citron , 1 c. à café de thym , 1 pincée de cumin , Sel & poivre' ,'Brochettes de poulet aux legumes', 22.00, 0, 222, '2018-03-10 12:12:46');
INSERT INTO "public"."product_info" VALUES ('D0001', 3, '2018-03-10 06:51:03', 'Le fromage cottage est très léger et se marie bien au goût de la ciboulette et du persil.', 'https://www.selection.ca/wp-content/uploads/2016/04/cottage-pain-1.jpg','2 c. à soupe de flocons d’avoine nature précuits , 1/2 tasse de fromage cottage maigre , 1 c. à thé de jus de citron , 4 c. à soupe de ciboulette et de persil hachés , 2 c. à thé de graines de sésame , sel, poivre','fromage aux herbes pour diabétiques', 15.00, 0, 100, '2018-03-10 12:04:13');
INSERT INTO "public"."product_info" VALUES ('C0003', 2, '2018-03-10 10:35:43', 'En manque d’inspiration ? Voici une polenta de pois chiches accompagnée d’une savoureuse sauce au yaourt pour régaler les papilles. Complet et végétarien, ce plat est très facile à réaliser et saura rassasier votre appétit. Il est parfumé au zaatar, une épice libanaise à base de thym sauvage, graines de sésame et sumac.', 'https://larecette.net/wp-content/uploads/2020/07/iStock-522452938.jpg','Pour 4 personnes , 1 boîte de 250 g de pois chiches , 250 g de polenta , 2 c. à soupe de zaatar , 50 g de beurre , 10 cl de crème liquide , 1 yaourt liquide , 2 gousses d’ail , Sel & Poivre' ,'Polenta de pois chiches et sauce yaourt', 20.00, 0, 195, '2018-03-10 10:35:43');
INSERT INTO "public"."product_info" VALUES ('C0001', 2, '2018-03-10 12:09:41', 'La saison du brocoli est lancée ! Pour en profiter avec gourmandise, voici un délicieux gratin de brocolis au gruyère parfumé à la muscade. Prêt en quelques minutes, voici comment le réaliser simplement.', 'https://larecette.net/wp-content/uploads/2020/06/iStock-1130513649.jpg','Pour 4 personnes , 800 g de brocolis , 200 g de gruyère râpé , 20 cl de crème fraîche épaisse , 30 g de beurre , 1 pincée de noix de muscade râpée , sel & poivre du moulin', 'Gratin de brocolis', 10.00, 0, 109, '2018-03-10 12:09:41');
INSERT INTO "public"."product_info" VALUES ('C0002', 2, '2018-03-10 12:11:51', 'Pour changer de l’incontournable pesto de basilic, voici un pesto d épinard au basilic qui est idéal pour accompagner un plat de pâtes ou pour être tartiné en guise de base sur des bruschettas par exemple. ', 'https://larecette.net/wp-content/uploads/2020/05/iStock-1157201911.jpg','Pates , 100 g de parmesan rapé , 40 g de pignons de pin , 30 g de feuilles de basilic, 50 g d’épinard frais , 100 g d’huile d’olive, 1/4 c. à café de sel , Poivre' ,'Pates aux épinard et basilic', 13.00, 0, 108, '2018-03-10 12:11:51');
INSERT INTO "public"."product_info" VALUES ('B0001', 0, '2018-03-10 06:44:25', 'Pour changer des spaghettis à la bolognaise ou des classiques pâtes au fromage, voici une recette de spaghettis à l’italienne au thon. Il s’agit d’un plat savoureux et mijoté avec amour que l on deguste sans attendre !', 'https://larecette.net/wp-content/uploads/2020/06/iStock-481990348.jpg','400 g de spaghettis , 100 g de concentré de tomates ,80 g d’olives noires , 50 g de câpres (facultatif) , 2 grosses boîtes de thon au naturel , 1 gros oignon , 2 gousses d’ail , 15 cl de vin blanc ou bouillon de légumes , 2 c. à s. d’huile d’olive , 80 g de parmesan râpé , Sel et poivre ' ,'Spaghettis à l italienne au thon', 30.00, 0, 96, '2018-03-10 06:44:25');
INSERT INTO "public"."product_info" VALUES ('B0004', 0, '2018-03-10 10:39:29', 'La moussaka est une préparation à base d’aubergine, de tomate et de viande hachée. Si elle est généralement longue à réaliser, cette recette vous permettra de la cuisiner beaucoup plus rapidement. On la déguste bien chaude, avec appétit et gourmandise !', 'https://larecette.net/wp-content/uploads/2020/05/iStock-509686496.jpg','Pour 4 personnes , 350 g de bœuf haché , 3 aubergines , 1 boîte de pulpe de tomates , 1 oignon ,1 gousse d’ail ,2 œufs , 50 g de fromage râpé , 2 filets d’huile d’olive' ,'La recette de la moussaka rapide', 30.00, 0, 199, '2018-03-10 10:39:32');
INSERT INTO "public"."product_info" VALUES ('B0005', 0, '2018-03-10 10:40:35', 'Très populaire en Turquie et en Arménie, cette recette de pizza turque ou “pide” est un plat à base de pain plat garni de viande hachée. Connue dans le monde entier, la recette varie en fonction des localités et des envies. Agneau, bœuf, tomate, sumac, piment. À vous de faire preuve de créativité et de gourmandise !', 'https://i.pinimg.com/564x/dc/51/4a/dc514ad62f352cb4b26a5ffe916901d2.jpg','Pour 4 personnes , 250 g de pâte à pizza rectangulaire , 400 g d’agneau haché , 8 billes de mozzarella , 1/2 oignon , 1 poivron rouge , 1 gousse d’ail , 4 c. à soupe d’huile d’olive , 1/2 c. à soupe d’origan , 1/2 c. à soupe de paprika , 1 jaune d’œuf , Sel & poivre' ,'Pizza turque à l agneau et légumes', 30.00, 0, 199, '2018-03-10 10:40:35');
INSERT INTO "public"."product_info" VALUES ('D0002', 3, '2018-03-10 12:08:17', 'Cette recette de quiche au saumon aux poireaux est spécialement conçue pour les personnes souffrant d hypertension. En cuisine, vous n’aurez qu’à suivre nos 7 étapes simples pour réaliser ce plat délicieux en quelques minutes.', 'https://www.regal.fr/sites/art-de-vivre/files/styles/large/public/tarte-quiche-saumon-poireau-fromage_istock.jpg?itok=Rtbleh4Y','1 rouleau Pâte brisée sans sel  , 300 g Saumon frais , 1 Poireau , 1 Oignon , 4 Gousse d ail  ,3 oeuf , 200 g Fromage blanc , 1 branche Aneth fraiche , 2 c. à soupe Huile d olive , 50 g Biscotte sans sel ou pain , Poivre' ,'quiche au saumon aux poireaux', 22.00, 0, 200, '2018-03-10 12:08:17');
INSERT INTO "public"."product_info" VALUES ('F0001', 1, '2018-03-10 12:15:05', 'Cette mousse au chocolat au lait et caramel beurre salé est un petit nuage de gourmandise aussi savoureux que délicat. On la déguste toute en finesse et l’on peut y ajouter des copeaux de chocolat pour apporter une touche croquante. ', 'https://larecette.net/wp-content/uploads/2020/07/iStock-1135575625-384x216.jpg','Pour 4 personnes , 20 cl de crème liquide , 3 œufs , 40 g de beurre salé , 200 g de chocolat au lait , 100 g de sucre en poudre' ,'Mousse chocolat au lait et caramel beurre salé', 24.00, 0, 57, '2018-03-10 12:15:10');
INSERT INTO "public"."product_info" VALUES ('F0002', 1, '2018-03-10 12:16:44', 'Les préparations à base de thé matcha sont tendance, alors mettez-vous au vert avec ce délicieux cheesecake au thé matcha ! Dressé sur une base croustillante aux spéculoos, ce dessert original et subtilement parfumé est un véritable délice. ', 'https://larecette.net/wp-content/uploads/2020/06/iStock-995658330-384x216.jpg','250 g de fromage frais , 150 g de biscuits type spéculoos , 75 g de beurre mou , 100 g de sucre en poudre , 25 cl de crème fraîche liquide 30 %  , 2 blancs d’œufs , 4 feuilles de gélatine , 1 citron non traité , 4 belles cuillères à soupe de thé matcha en poudre' ,'Cheesecake au thé matcha', 20.00, 0, 22, '2018-03-10 12:16:44');


-- ----------------------------
-- Records of users
-- ----------------------------
INSERT INTO "public"."users" VALUES (2147483641, 't', '3200 West Road', 'customer1@email.com', 'customer1', '$2a$10$PrI5Gk9L.tSZiW9FXhTS8O8Mz9E97k2FZbFvGFFaSsiTUIl.TCrFu', '123456789', 'ROLE_CUSTOMER');
INSERT INTO "public"."users" VALUES (2147483642, 't', '2000 John Road', 'manager1@email.com', 'manager1', '$2a$10$PrI5Gk9L.tSZiW9FXhTS8O8Mz9E97k2FZbFvGFFaSsiTUIl.TCrFu', '987654321', 'ROLE_MANAGER');
INSERT INTO "public"."users" VALUES (2147483643, 't', '222 East Drive ', 'employee1@email.com', 'employee1', '$2a$10$PrI5Gk9L.tSZiW9FXhTS8O8Mz9E97k2FZbFvGFFaSsiTUIl.TCrFu', '123123122', 'ROLE_EMPLOYEE');
INSERT INTO "public"."users" VALUES (2147483645, 't', '3100 Western Road A', 'customer2@email.com', 'customer2', '$2a$10$0oho5eUbDqKrLH026A2YXuCGnpq07xJpuG/Qu.PYb1VCvi2VMXWNi', '2343456', 'ROLE_CUSTOMER');

-- ----------------------------
-- Records of cart
-- ----------------------------
INSERT INTO "public"."cart" VALUES (2147483641);
INSERT INTO "public"."cart" VALUES (2147483642);
INSERT INTO "public"."cart" VALUES (2147483643);
INSERT INTO "public"."cart" VALUES (2147483645);


